INSERT INTO accounts (login, pass)
VALUES ('Gena12', 4321),
       ('Cheburator', 4321),
       ('Coolbabul', 4321),
       ('rokyman', 123),
       ('Hizenberg', 123),
       ('trapunka', 123),
       ('tamtudoid', 111),
       ('lovkach', 111),
       ('shnepsel', 111);

-- Загрузим данные клиентов
INSERT INTO users (account_id, lastname, firstname, patronymic, birth_date)
VALUES (1,'Зеленов','Геннадий','Крокодилович','1969-12-31') ,
       (2,'Ушидзе','Чебурэн','Апельсинович','1969-12-31'),
       (3,'Шапокляк','Наина','Эдуардовна','1969-12-31'),
       (4,'Сталонив','Сильвестр','Френкивич','1946-07-06'),
       (5,'Амфитоминов','Самовар','Химикович','1975-06-11'),
       (6,'Тимошенко','Юрий','Тимофеевич','1919-06-02'),
       (7,'Ежегодин','Дневник','Строкович','1989-02-13'),
       (8,'Люпен','Арсен','Теофрастович','1889-04-01'),
       (9,'Березин','Ефим','Иосифович','1919-11-11');

INSERT INTO amounts (account_id, amount, stop_limit, start_limit, count_period, interest)
VALUES (1, 1234.05, 2554.48, 1234.05, 0, 0.0),
       (2, 245.45, 508.08, 245.45, 0, 0.0),
       (3, 1400.35, 2898.72, 1400.35, 0, 0.0),
       (4, 2245.45, 4648.08, 2245.45, 0, 0.0),
       (5, 6400.35, 13248.72, 6400.35, 0, 0.0),
       (6, 2345.45, 4855.08, 2345.45, 0, 0.0),
       (7, 24000.35, 49680.72, 24000.35, 0, 0.0),
       (8, 2645.45, 5476.08, 2645.45, 0, 0.0),
       (9, 14500.35, 30015.72, 14500.35, 0, 0.0);


INSERT INTO emails (user_id, user_email)
VALUES (1, 'kroki@yandex.ru'),
       (2, 'teg@google.com'),
       (3, 'klikastiy@rambler.ru'),
       (4, 'ushivstoronu@bk.ru'),
       (5, 'smartbroker@yahoo.com'),
       (6, 'endtoun@list.ru'),
       (7, 'karector@bk.ru'),
       (8, 'dublekatuk@yahoo.com'),
       (9, 'katakomber@yandex.ru'),
       (6, 'kulturmultur@google.com'),
       (7, 'balkash12@yahoo.com'),
       (2, 'kvestus32@galadec.com'),
       (1, 'bashtak341@bk.org'),
       (8, 'lackyboy@yahoo.com'),
       (3, 'rotland132@google.com'),
       (4, 'bezenkil554@yahoo.com'),
       (5, 'tukano1@galadec.com'),
       (2, 'moguci341@bk.org'),
       (9, 'layak55tu@yahoo.com');

INSERT INTO phones (user_id, user_phone)
VALUES (1, '555435234'),
       (2, '8495234234'),
       (3, '88002546543'),
       (4, '972504179834'),
       (5, '83324356735'),
       (6, '89994374820'),
       (7, '8555546734'),
       (8, '89271547635'),
       (9, '89342333545'),
       (1, '89944348923'),
       (2, '89435234627'),
       (3, '83324959382'),
       (4, '89223223748'),
       (5, '85467256634'),
       (6, '88547887346'),
       (7, '89966788954'),
       (8, '73949582348'),
       (9, '95934568918'),
       (1, '39593893823');